{"cameraMode":{"drawMode":0,"name":"Shaded","section":"Shading Mode"},"sceneLighting":true,"audioPlay":false,"sceneViewState":{"m_AlwaysRefresh":false,"showFog":true,"showSkybox":true,"showFlares":true,"showImageEffects":true,"showParticleSystems":true,"showVisualEffectGraphs":true,"m_FxEnabled":true},"in2DMode":false,"pivot":{"x":0.9838269352912903,"y":23.364625930786134,"z":-66.75579071044922},"rotation":{"x":-0.05578501150012016,"y":-0.006256856489926577,"z":0.000537010608240962,"w":-0.9985445141792297},"size":9.093859672546387,"orthographic":false}